CpG ID,CovidMH_Recuento,PA_Recuento
cg00079643,1,0
cg00085448,1,0
cg00087425,1,0
cg00087799,1,0
cg00127150,0,2
cg00137918,1,0
cg00163735,1,0
cg00207731,1,0
cg00207965,1,0
cg00208734,0,3
cg00222801,0,3
cg00235671,1,0
cg00255189,1,0
cg00256353,1,0
cg00273390,1,0
cg00273392,1,0
cg00288436,1,0
cg00303311,1,0
cg00305797,1,0
cg00306510,1,0
cg00320216,0,2
cg00346755,1,0
cg00351190,1,0
cg00371891,1,0
cg00397283,1,0
cg00423871,1,0
cg00467636,1,0
cg00476906,1,0
cg00480077,1,0
cg00482389,1,0
cg00491603,1,0
cg00493400,1,0
cg00503832,1,0
cg00508048,1,0
cg00530825,0,3
cg00531628,1,0
cg00590639,1,0
cg00603982,1,0
cg00622702,1,0
cg00634029,1,0
cg00645579,1,0
cg00676801,1,0
cg00689211,1,0
cg00707300,1,0
cg00717280,1,0
cg00728099,1,0
cg00739644,1,0
cg00752531,1,0
cg00758797,1,0
cg00786084,1,0
cg00793977,1,0
cg00795815,1,0
cg00826728,1,0
cg00911290,1,0
cg00937568,1,0
cg01030178,1,0
cg01036205,1,0
cg01036509,1,0
cg01046174,1,0
cg01085225,1,0
cg01089930,1,0
cg01098142,1,0
cg01100330,0,2
cg01128221,1,0
cg01147011,1,0
cg01152629,1,0
cg01157146,1,0
cg01178899,1,0
cg01241272,1,0
cg01241899,1,0
cg01279933,0,3
cg01282374,1,0
cg01311379,1,0
cg01337508,1,0
cg01343729,0,2
cg01352267,1,0
cg01385198,1,0
cg01401344,0,2
cg01403660,1,0
cg01414772,1,0
cg01432055,0,3
cg01451880,1,0
cg01452452,1,0
cg01467417,1,0
cg01475000,1,0
cg01532103,1,0
cg01532771,1,0
cg01547781,1,0
cg01588525,1,0
cg01618851,1,0
cg01619417,1,0
cg01637548,0,1
cg01693650,1,0
cg01711344,1,0
cg01714160,1,0
cg01763935,1,0
cg01770232,1,0
cg01794046,1,0
cg01810186,0,2
cg01842473,1,0
cg01859195,1,0
cg01865626,1,0
cg01874729,1,0
cg01884851,1,0
cg01907512,1,0
cg01910236,0,3
cg01926707,0,3
cg01930488,1,0
cg01930518,1,0
cg01971264,1,0
cg01975495,1,0
cg01977582,0,1
cg01991967,1,0
cg02029939,1,0
cg02039580,1,0
cg02044612,1,0
cg02129274,1,0
cg02206695,1,0
cg02241586,1,0
cg02253535,0,3
cg02263035,1,0
cg02273392,1,0
cg02276086,1,0
cg02319549,1,0
cg02335517,1,0
cg02362719,1,0
cg02377053,1,0
cg02414266,1,0
cg02430562,1,0
cg02431704,1,0
cg02432628,1,0
cg02512212,1,0
cg02529490,1,0
cg02543462,1,0
cg02543939,1,0
cg02584610,1,0
cg02610779,1,0
cg02613803,1,0
cg02642997,1,0
cg02669268,1,0
cg02702369,1,0
cg02704552,1,0
cg02716516,1,0
cg02752037,1,0
cg02759622,1,0
cg02776195,1,0
cg02794892,1,0
cg02838683,0,3
cg02864248,1,0
cg02902394,1,0
cg02907425,1,0
cg02909320,1,0
cg02977812,1,0
cg02978411,1,0
cg02992762,0,1
cg03032607,1,0
cg03065139,1,0
cg03068376,0,3
cg03079637,1,0
cg03131395,1,0
cg03152139,1,0
cg03172226,1,0
cg03177204,1,0
cg03210276,1,0
cg03233876,1,0
cg03235688,1,0
cg03240232,1,0
cg03241330,1,0
cg03245407,1,0
cg03247293,1,0
cg03267954,1,0
cg03279442,1,0
cg03297297,1,0
cg03320783,1,0
cg03331867,1,0
cg03378289,1,0
cg03442322,1,0
cg03463287,1,0
cg03472453,1,0
cg03473377,1,0
cg03496077,1,0
cg03503471,0,2
cg03536816,1,0
cg03602698,1,0
cg03606725,0,2
cg03647657,1,0
cg03671627,1,0
cg03682895,1,0
cg03688421,1,0
cg03695289,1,0
cg03701609,1,0
cg03703171,1,0
cg03734301,1,0
cg03743678,0,3
cg03755158,1,0
cg03775330,1,0
cg03830490,1,0
cg03866569,1,0
cg03889617,1,0
cg03935991,1,0
cg03986594,1,0
cg03989987,1,0
cg03996150,1,0
cg04012198,1,0
cg04013915,1,0
cg04015604,1,0
cg04015765,1,0
cg04037813,1,0
cg04041976,1,0
cg04049819,1,0
cg04076832,1,0
cg04108360,1,0
cg04145765,1,0
cg04163916,1,0
cg04287203,1,0
cg04290981,0,2
cg04354393,0,3
cg04412303,1,0
cg04415535,1,0
cg04439252,1,0
cg04444758,1,0
cg04466273,1,0
cg04491419,1,0
cg04512966,1,0
cg04517036,1,0
cg04544784,1,0
cg04572943,1,0
cg04598300,1,0
cg04619627,1,0
cg04661436,0,2
cg04671518,1,0
cg04674143,1,0
cg04698845,1,0
cg04702117,1,0
cg04708790,1,0
cg04709528,1,0
cg04721557,1,0
cg04732163,1,0
cg04746914,1,0
cg04787775,0,3
cg04791659,1,0
cg04793268,0,2
cg04799181,1,0
cg04817148,1,0
cg04842828,1,0
cg04857551,1,0
cg04860142,1,0
cg04880620,1,0
cg04885749,1,0
cg04888485,1,0
cg04894671,0,2
cg04936610,0,2
cg04949579,1,0
cg04951822,1,0
cg04970117,1,0
cg05039749,1,0
cg05122887,1,0
cg05182906,1,0
cg05202822,1,0
cg05218995,1,0
cg05219621,1,0
cg05229355,0,3
cg05241917,1,0
cg05265849,1,0
cg05268564,1,0
cg05309505,1,0
cg05314616,1,0
cg05323251,1,0
cg05403822,1,0
cg05460606,1,0
cg05461503,1,0
cg05466844,1,0
cg05469396,1,0
cg05475770,1,0
cg05485520,1,0
cg05487134,1,0
cg05495029,1,0
cg05504719,1,0
cg05515585,1,0
cg05552874,1,0
cg05563672,1,0
cg05573133,1,0
cg05593667,0,2
cg05621259,0,3
cg05622915,1,0
cg05667472,1,0
cg05705212,1,0
cg05748796,1,0
cg05770313,1,0
cg05773312,0,3
cg05779963,1,0
cg05824016,1,0
cg05864024,0,3
cg05873635,1,0
cg05924212,0,2
cg05948321,1,0
cg05951984,1,0
cg05958346,1,0
cg05963956,1,0
cg05973084,0,2
cg05979583,1,0
cg05989059,1,0
cg06092729,1,0
cg06093500,1,0
cg06096695,1,0
cg06121323,1,0
cg06122489,1,0
cg06154315,1,0
cg06168856,1,0
cg06187522,1,0
cg06217905,1,0
cg06255132,1,0
cg06270615,1,0
cg06338245,1,0
cg06339338,1,0
cg06347928,1,0
cg06350351,1,0
cg06378498,1,0
cg06444294,1,0
cg06454337,1,0
cg06454951,1,0
cg06483621,0,3
cg06490385,1,0
cg06498520,1,0
cg06512724,1,0
cg06519172,1,0
cg06546033,1,0
cg06585734,1,0
cg06622468,1,0
cg06624991,1,0
cg06639101,1,0
cg06658391,1,0
cg06665941,1,0
cg06730002,1,0
cg06769931,1,0
cg06770435,1,0
cg06799455,1,0
cg06810134,1,0
cg06837675,1,0
cg06855803,1,0
cg06859734,1,0
cg06894251,1,0
cg06898048,1,0
cg06903086,1,0
cg06917623,1,0
cg06920054,1,0
cg06935109,1,0
cg06946838,0,2
cg06974672,0,3
cg06997537,1,0
cg07052015,1,0
cg07153406,1,0
cg07158701,1,0
cg07162861,1,0
cg07180197,1,0
cg07181667,1,0
cg07204134,1,0
cg07215350,1,0
cg07230018,1,0
cg07233135,1,0
cg07253769,1,0
cg07268726,0,1
cg07281959,1,0
cg07288822,1,0
cg07317664,1,0
cg07322015,1,0
cg07333040,1,0
cg07340007,0,3
cg07343122,1,0
cg07348311,1,0
cg07381960,1,0
cg07430193,1,0
cg07469449,1,0
cg07488370,1,0
cg07494987,1,0
cg07508980,1,0
cg07513435,1,0
cg07515324,1,0
cg07529087,1,0
cg07550579,1,0
cg07582623,1,0
cg07584894,1,0
cg07599830,1,0
cg07606990,1,0
cg07608333,1,0
cg07640083,1,0
cg07649585,1,0
cg07652350,1,0
cg07730886,1,0
cg07736922,1,0
cg07744435,1,0
cg07780782,1,0
cg07808966,1,0
cg07827609,1,0
cg07913781,1,0
cg07919906,1,0
cg07949967,1,0
cg07959156,1,0
cg07976603,1,0
cg07983767,1,0
cg07998387,1,0
cg08033130,1,0
cg08042841,1,0
cg08129420,0,2
cg08147692,1,0
cg08186124,1,0
cg08238794,1,0
cg08257567,1,0
cg08278582,1,0
cg08308989,1,0
cg08318371,1,0
cg08358427,1,0
cg08361380,1,0
cg08372296,1,0
cg08450017,1,0
cg08478914,1,0
cg08480739,1,0
cg08498533,0,3
cg08541599,1,0
cg08559914,1,0
cg08621874,1,0
cg08652441,1,0
cg08652858,1,0
cg08661012,1,0
cg08782606,1,0
cg08792542,1,0
cg08826127,1,0
cg08839819,1,0
cg08847919,1,0
cg08888522,1,0
cg08896629,1,0
cg08926253,1,0
cg08946713,1,0
cg08965162,1,0
cg09009410,1,0
cg09033997,1,0
cg09065632,0,2
cg09084320,1,0
cg09112160,1,0
cg09145322,1,0
cg09151598,1,0
cg09167772,1,0
cg09173500,1,0
cg09250473,1,0
cg09251548,1,0
cg09251680,1,0
cg09257432,1,0
cg09277467,1,0
cg09295300,1,0
cg09316885,1,0
cg09355011,1,0
cg09356750,1,0
cg09365847,1,0
cg09396517,1,0
cg09476841,1,0
cg09508448,1,0
cg09509267,1,0
cg09565397,0,5
cg09601770,1,0
cg09603237,1,0
cg09615745,1,0
cg09629510,1,0
cg09651302,1,0
cg09653364,0,3
cg09700085,1,0
cg09703963,1,0
cg09709426,1,0
cg09712606,1,0
cg09755666,1,0
cg09801706,1,0
cg09804439,1,0
cg09885409,1,0
cg09902198,1,0
cg09923715,1,0
cg09999583,1,0
cg10069609,1,0
cg10096268,1,0
cg10112391,1,0
cg10115564,0,3
cg10140158,1,0
cg10144807,1,0
cg10165241,1,0
cg10221736,1,0
cg10256045,1,0
cg10274606,0,3
cg10309613,1,0
cg10311754,1,0
cg10312802,1,0
cg10344433,1,0
cg10360403,1,0
cg10362365,1,0
cg10408040,1,0
cg10412127,1,0
cg10418021,1,0
cg10419493,1,0
cg10479107,1,0
cg10490196,1,0
cg10507402,1,0
cg10641392,1,0
cg10650214,1,0
cg10698959,1,0
cg10816993,1,0
cg10934831,1,0
cg10938446,1,0
cg10986302,1,0
cg11027221,1,0
cg11057783,1,0
cg11065262,1,0
cg11117530,1,0
cg11147866,0,3
cg11154542,1,0
cg11200858,1,0
cg11211486,1,0
cg11229468,1,0
cg11236111,1,0
cg11255154,1,0
cg11264678,1,0
cg11273820,1,0
cg11306701,1,0
cg11318133,1,0
cg11330307,0,2
cg11331422,1,0
cg11336696,1,0
cg11337629,1,0
cg11345700,1,0
cg11353706,1,0
cg11361442,1,0
cg11369662,1,0
cg11400613,1,0
cg11427463,1,0
cg11478498,1,0
cg11515052,1,0
cg11519876,1,0
cg11575644,1,0
cg11582017,1,0
cg11601443,1,0
cg11615347,0,3
cg11615959,1,0
cg11643245,0,3
cg11648404,1,0
cg11733617,1,0
cg11748577,1,0
cg11758840,1,0
cg11781328,1,0
cg11783497,1,0
cg11809702,0,2
cg11838237,0,2
cg11897378,1,0
cg11930768,0,2
cg11969526,1,0
cg11982443,1,0
cg11999939,1,0
cg12015851,1,0
cg12016862,1,0
cg12037516,1,0
cg12045634,1,0
cg12054892,1,0
cg12062507,1,0
cg12075901,1,0
cg12078491,1,0
cg12107692,1,0
cg12122356,1,0
cg12134159,1,0
cg12147572,1,0
cg12152352,1,0
cg12153794,0,4
cg12159504,1,0
cg12184486,1,0
cg12247536,1,0
cg12269436,1,0
cg12278467,0,3
cg12297162,1,0
cg12359315,1,0
cg12411713,1,0
cg12539442,1,0
cg12560128,1,0
cg12584355,1,0
cg12609415,1,0
cg12617146,0,3
cg12622378,1,0
cg12649175,1,0
cg12691230,1,0
cg12697789,1,0
cg12722937,1,0
cg12739264,1,0
cg12841561,1,0
cg12857957,1,0
cg12870705,1,0
cg12873903,1,0
cg12877361,1,0
cg12920938,1,0
cg12924105,1,0
cg12944551,1,0
cg12953747,1,0
cg12988275,1,0
cg13021446,1,0
cg13083201,1,0
cg13090418,1,0
cg13102229,1,0
cg13104385,1,0
cg13114217,1,0
cg13119687,1,0
cg13145591,1,0
cg13186597,1,0
cg13208562,1,0
cg13312303,1,0
cg13378284,1,0
cg13384453,0,3
cg13406746,1,0
cg13407144,1,0
cg13426237,1,0
cg13431152,1,0
cg13444194,1,0
cg13458253,0,2
cg13480043,1,0
cg13483603,1,0
cg13489049,1,0
cg13513411,1,0
cg13514178,1,0
cg13540592,1,0
cg13655938,1,0
cg13698049,1,0
cg13719314,1,0
cg13775306,0,3
cg13779055,1,0
cg13821613,1,0
cg13834366,1,0
cg13868942,1,0
cg13874366,1,0
cg13876499,1,0
cg13941085,1,0
cg13971552,1,0
cg13981319,1,0
cg13985445,1,0
cg14022057,1,0
cg14025953,1,0
cg14069320,1,0
cg14108840,0,3
cg14145194,1,0
cg14190128,1,0
cg14219813,1,0
cg14231966,1,0
cg14236855,1,0
cg14243623,1,0
cg14352951,1,0
cg14418968,1,0
cg14435098,0,3
cg14477543,1,0
cg14497465,1,0
cg14498209,1,0
cg14525884,1,0
cg14531512,1,0
cg14557714,1,0
cg14558191,1,0
cg14598670,0,3
cg14667838,1,0
cg14743710,0,2
cg14779065,1,0
cg14827929,1,0
cg14871601,0,3
cg14951497,1,0
cg14964934,1,0
cg14965866,1,0
cg14982276,1,0
cg14982967,1,0
cg14999852,1,0
cg15014277,1,0
cg15019617,1,0
cg15024035,0,3
cg15061025,1,0
cg15068835,1,0
cg15079565,1,0
cg15197202,1,0
cg15219523,1,0
cg15226856,1,0
cg15242360,0,3
cg15242570,1,0
cg15260365,1,0
cg15335525,1,0
cg15342711,1,0
cg15343732,1,0
cg15353603,1,0
cg15355185,1,0
cg15382669,1,0
cg15391489,1,0
cg15399923,1,0
cg15404665,1,0
cg15456960,1,0
cg15457276,1,0
cg15509148,1,0
cg15540063,0,2
cg15544596,1,0
cg15572478,1,0
cg15576918,1,0
cg15617336,1,0
cg15703690,1,0
cg15704988,1,0
cg15709784,1,0
cg15746870,1,0
cg15756525,0,2
cg15773138,0,2
cg15780465,1,0
cg15809806,1,0
cg15851014,1,0
cg15874872,1,0
cg15888522,1,0
cg15981620,1,0
cg15986248,1,0
cg16005564,1,0
cg16006626,1,0
cg16042668,1,0
cg16068727,1,0
cg16084872,1,0
cg16087345,1,0
cg16131207,1,0
cg16134430,1,0
cg16172329,1,0
cg16253779,1,0
cg16260424,0,2
cg16286502,1,0
cg16309260,1,0
cg16320329,1,0
cg16366376,1,0
cg16371860,1,0
cg16380614,1,0
cg16382882,1,0
cg16385367,1,0
cg16395953,1,0
cg16399664,1,0
cg16458507,1,0
cg16486109,1,0
cg16541031,1,0
cg16593812,0,3
cg16604658,1,0
cg16617101,1,0
cg16659963,1,0
cg16709353,1,0
cg16716680,1,0
cg16722792,1,0
cg16723130,1,0
cg16734967,1,0
cg16782493,0,3
cg16792842,0,3
cg16888621,1,0
cg16904500,1,0
cg16971745,1,0
cg16992008,1,0
cg16998906,1,0
cg17019377,1,0
cg17026287,1,0
cg17066594,1,0
cg17067544,1,0
cg17102112,0,2
cg17114584,1,0
cg17165824,1,0
cg17205440,1,0
cg17278689,1,0
cg17283534,1,0
cg17323778,1,0
cg17345676,1,0
cg17382033,1,0
cg17396638,1,0
cg17411949,1,0
cg17425818,1,0
cg17445535,1,0
cg17470096,1,0
cg17486692,1,0
cg17499324,0,3
cg17500645,1,0
cg17522907,1,0
cg17540624,1,0
cg17542594,1,0
cg17640894,1,0
cg17642041,1,0
cg17669033,1,0
cg17671280,1,0
cg17706662,1,0
cg17713780,0,2
cg17714581,1,0
cg17725807,1,0
cg17742293,0,2
cg17748222,1,0
cg17748242,1,0
cg17793776,0,2
cg17812637,1,0
cg17833746,1,0
cg17885452,1,0
cg17977197,1,0
cg17980216,1,0
cg18038269,1,0
cg18053228,1,0
cg18054725,1,0
cg18069484,1,0
cg18100085,1,0
cg18112163,1,0
cg18120998,1,0
cg18156003,1,0
cg18170076,0,3
cg18217049,1,0
cg18274515,1,0
cg18317135,1,0
cg18328612,1,0
cg18340987,1,0
cg18341969,1,0
cg18367858,1,0
cg18370778,1,0
cg18448515,1,0
cg18458833,1,0
cg18477816,1,0
cg18478794,0,3
cg18503234,1,0
cg18503747,0,2
cg18515510,1,0
cg18517766,1,0
cg18611797,1,0
cg18656581,1,0
cg18682028,1,0
cg18713168,1,0
cg18720580,0,2
cg18761133,1,0
cg18766080,1,0
cg18769584,1,0
cg18770816,1,0
cg18783495,1,0
cg18852825,1,0
cg18856252,1,0
cg18877734,1,0
cg18892020,1,0
cg18920397,0,3
cg18926580,1,0
cg18956798,1,0
cg18971819,1,0
cg19020860,1,0
cg19050596,1,0
cg19115490,0,2
cg19145607,1,0
cg19271640,1,0
cg19284039,0,2
cg19307883,1,0
cg19315202,1,0
cg19348484,1,0
cg19350270,1,0
cg19351166,1,0
cg19359505,1,0
cg19371652,1,0
cg19375371,1,0
cg19432791,1,0
cg19438966,1,0
cg19469649,1,0
cg19526579,1,0
cg19557623,1,0
cg19609748,1,0
cg19651003,1,0
cg19722814,1,0
cg19751098,1,0
cg19776619,1,0
cg19780300,1,0
cg19789466,1,0
cg19796955,1,0
cg19881581,1,0
cg19925475,1,0
cg19951818,1,0
cg19965693,1,0
cg19967421,1,0
cg19974120,1,0
cg19975482,1,0
cg20000468,1,0
cg20053454,1,0
cg20102336,1,0
cg20119767,1,0
cg20134658,0,1
cg20215695,1,0
cg20256574,1,0
cg20267284,1,0
cg20272935,1,0
cg20274167,1,0
cg20306821,0,2
cg20330217,1,0
cg20378687,0,2
cg20427486,1,0
cg20438404,1,0
cg20473453,1,0
cg20509117,1,0
cg20539283,1,0
cg20567355,0,3
cg20583316,1,0
cg20652158,1,0
cg20687152,1,0
cg20701074,1,0
cg20716209,1,0
cg20726456,1,0
cg20744437,0,3
cg20773815,1,0
cg20800221,1,0
cg20817669,1,0
cg20827580,1,0
cg20829379,1,0
cg20870559,1,0
cg20924735,0,3
cg20933330,1,0
cg20953187,1,0
cg20989454,1,0
cg21035241,1,0
cg21060789,1,0
cg21063716,0,2
cg21080682,1,0
cg21165595,1,0
cg21177940,1,0
cg21186438,1,0
cg21197031,1,0
cg21221598,0,3
cg21355791,1,0
cg21372914,1,0
cg21379625,1,0
cg21480173,1,0
cg21565914,1,0
cg21598868,1,0
cg21683635,1,0
cg21717879,1,0
cg21722680,1,0
cg21730677,1,0
cg21792018,1,0
cg21810130,1,0
cg21820889,0,2
cg21844956,0,4
cg21848746,1,0
cg21853992,1,0
cg21878420,1,0
cg21901386,1,0
cg21941105,1,0
cg21968799,1,0
cg21980821,1,0
cg21998542,1,0
cg22016995,1,0
cg22025068,1,0
cg22026360,1,0
cg22029234,1,0
cg22030766,1,0
cg22044401,1,0
cg22128509,1,0
cg22136800,1,0
cg22140136,1,0
cg22145651,1,0
cg22183016,0,3
cg22197416,1,0
cg22199238,1,0
cg22260958,1,0
cg22279720,1,0
cg22422976,1,0
cg22431486,1,0
cg22447416,1,0
cg22447989,1,0
cg22454603,1,0
cg22484980,1,0
cg22497313,1,0
cg22499688,1,0
cg22519738,1,0
cg22521640,1,0
cg22553466,0,1
cg22554952,1,0
cg22559350,1,0
cg22561727,1,0
cg22595870,1,0
cg22610655,0,4
cg22620273,1,0
cg22633182,0,2
cg22687077,0,3
cg22748539,1,0
cg22761099,1,0
cg22768335,1,0
cg22770755,1,0
cg22802746,1,0
cg22833204,1,0
cg22842143,1,0
cg22850860,1,0
cg22913585,1,0
cg22915154,1,0
cg23029494,1,0
cg23041410,1,0
cg23121140,1,0
cg23138373,0,3
cg23175599,1,0
cg23198568,1,0
cg23202109,1,0
cg23202913,0,3
cg23208881,1,0
cg23232263,1,0
cg23246095,1,0
cg23247191,1,0
cg23280745,1,0
cg23306063,1,0
cg23313663,1,0
cg23322523,1,0
cg23356090,1,0
cg23366493,0,2
cg23369748,0,4
cg23444399,1,0
cg23519441,1,0
cg23536855,1,0
cg23540139,1,0
cg23553385,1,0
cg23662846,1,0
cg23671189,1,0
cg23671824,1,0
cg23801786,1,0
cg23890383,1,0
cg23891596,1,0
cg23912035,1,0
cg23919549,1,0
cg23973532,1,0
cg24064264,1,0
cg24094122,1,0
cg24098944,1,0
cg24105617,1,0
cg24142638,1,0
cg24155427,0,5
cg24189072,1,0
cg24191278,1,0
cg24208206,1,0
cg24226087,1,0
cg24259629,1,0
cg24259688,1,0
cg24261921,1,0
cg24288715,0,1
cg24308210,1,0
cg24312520,1,0
cg24387797,1,0
cg24423897,1,0
cg24468036,1,0
cg24483306,1,0
cg24503449,0,2
cg24515709,1,0
cg24515746,1,0
cg24517944,1,0
cg24531077,1,0
cg24539923,1,0
cg24603476,1,0
cg24613524,0,3
cg24638819,1,0
cg24718015,1,0
cg24768245,1,0
cg24827032,1,0
cg24830471,1,0
cg24851988,1,0
cg24868307,1,0
cg24885055,1,0
cg24892069,1,0
cg24892156,1,0
cg24899967,1,0
cg24901042,1,0
cg24912904,0,2
cg24919972,1,0
cg24940967,1,0
cg24948564,1,0
cg24949115,1,0
cg24958468,1,0
cg24987806,1,0
cg24997845,1,0
cg25042173,1,0
cg25064853,1,0
cg25155774,1,0
cg25170956,1,0
cg25176872,1,0
cg25179876,1,0
cg25226014,1,0
cg25242556,1,0
cg25243261,1,0
cg25264707,1,0
cg25265126,1,0
cg25297038,1,0
cg25319449,1,0
cg25330422,1,0
cg25344330,1,0
cg25367691,1,0
cg25395945,1,0
cg25434241,1,0
cg25483191,1,0
cg25572267,1,0
cg25579739,1,0
cg25613873,1,0
cg25614263,1,0
cg25639557,1,0
cg25660646,1,0
cg25668626,1,0
cg25676786,1,0
cg25682386,1,0
cg25713793,1,0
cg25714134,1,0
cg25727101,1,0
cg25730440,1,0
cg25733480,1,0
cg25756680,1,0
cg25763127,1,0
cg25790365,0,3
cg25800166,1,0
cg25826546,1,0
cg25856179,1,0
cg25857307,1,0
cg25867318,1,0
cg25897930,1,0
cg25912827,1,0
cg25914706,1,0
cg25924911,1,0
cg25928199,1,0
cg26038976,1,0
cg26054232,1,0
cg26062907,1,0
cg26086245,1,0
cg26104239,1,0
cg26107598,1,0
cg26110456,1,0
cg26142436,1,0
cg26208450,1,0
cg26220972,0,3
cg26244993,1,0
cg26265787,1,0
cg26295541,1,0
cg26309194,1,0
cg26337277,1,0
cg26339753,1,0
cg26372557,1,0
cg26377677,1,0
cg26433582,1,0
cg26466027,1,0
cg26510738,0,2
cg26643209,1,0
cg26648758,1,0
cg26688191,0,3
cg26700215,1,0
cg26704759,1,0
cg26721694,1,0
cg26755111,1,0
cg26828599,1,0
cg26896911,1,0
cg26974214,1,0
cg27035277,1,0
cg27039218,1,0
cg27049194,0,2
cg27066543,1,0
cg27083278,1,0
cg27087885,1,0
cg27123613,1,0
cg27198997,1,0
cg27201775,0,2
cg27269492,1,0
cg27270412,1,0
cg27271532,1,0
cg27342941,1,0
cg27389775,1,0
cg27422507,0,2
cg27443844,1,0
cg27465837,1,0
cg27481141,1,0
cg27503675,1,0
cg27641720,1,0
cg27662875,1,0
